"LOCATION","INDICATOR","SUBJECT","MEASURE","FREQUENCY","TIME","Value","Flag Codes"
"AUT","HOUSECOST","NOMINAL","IDX2015","A","2000",58.5838607572213,
"AUT","HOUSECOST","NOMINAL","IDX2015","A","2001",59.0818235759494,
"AUT","HOUSECOST","NOMINAL","IDX2015","A","2002",59.4186807753165,
"AUT","HOUSECOST","NOMINAL","IDX2015","A","2003",59.5797863924051,
"AUT","HOUSECOST","NOMINAL","IDX2015","A","2004",58.437401107595,
"AUT","HOUSECOST","NOMINAL","IDX2015","A","2005",61.3519481803798,
"AUT","HOUSECOST","NOMINAL","IDX2015","A","2006",63.871054193038,
"AUT","HOUSECOST","NOMINAL","IDX2015","A","2007",66.8588310917722,
"AUT","HOUSECOST","NOMINAL","IDX2015","A","2008",67.576483386076,
"AUT","HOUSECOST","NOMINAL","IDX2015","A","2009",70.2127571202532,
"AUT","HOUSECOST","NOMINAL","IDX2015","A","2010",76.7975000000001,
"AUT","HOUSECOST","NOMINAL","IDX2015","A","2011",81.5975,
"AUT","HOUSECOST","NOMINAL","IDX2015","A","2012",87.57,
"AUT","HOUSECOST","NOMINAL","IDX2015","A","2013",92.1000000000001,
"AUT","HOUSECOST","NOMINAL","IDX2015","A","2014",95.33,
"AUT","HOUSECOST","NOMINAL","IDX2015","A","2015",100,
"AUT","HOUSECOST","NOMINAL","IDX2015","A","2016",108.5325,
"AUT","HOUSECOST","NOMINAL","IDX2015","A","2017",114.26,
"AUT","HOUSECOST","NOMINAL","IDX2015","A","2018",119.64,
"AUT","HOUSECOST","NOMINAL","IDX2015","A","2019",126.6,
"AUT","HOUSECOST","NOMINAL","IDX2015","A","2020",136.31125,
"AUT","HOUSECOST","NOMINAL","IDX2015","A","2021",153.26249999742,
"BEL","HOUSECOST","NOMINAL","IDX2015","A","1991",31.9298332545684,
"BEL","HOUSECOST","NOMINAL","IDX2015","A","1992",34.0571462665407,
"BEL","HOUSECOST","NOMINAL","IDX2015","A","1993",35.8677422810335,
"BEL","HOUSECOST","NOMINAL","IDX2015","A","1994",38.1653135633271,
"BEL","HOUSECOST","NOMINAL","IDX2015","A","1995",39.8898650756144,
"BEL","HOUSECOST","NOMINAL","IDX2015","A","1996",40.755802299937,
"BEL","HOUSECOST","NOMINAL","IDX2015","A","1997",41.7370757718967,
"BEL","HOUSECOST","NOMINAL","IDX2015","A","1998",44.38614799937,
"BEL","HOUSECOST","NOMINAL","IDX2015","A","1999",47.5405028355389,
"BEL","HOUSECOST","NOMINAL","IDX2015","A","2000",50.1145149653435,
"BEL","HOUSECOST","NOMINAL","IDX2015","A","2001",52.54206836799,
"BEL","HOUSECOST","NOMINAL","IDX2015","A","2002",55.9051268903593,
"BEL","HOUSECOST","NOMINAL","IDX2015","A","2003",59.7606528827979,
"BEL","HOUSECOST","NOMINAL","IDX2015","A","2004",64.9526147605546,
"BEL","HOUSECOST","NOMINAL","IDX2015","A","2005",72.5362500000001,
"BEL","HOUSECOST","NOMINAL","IDX2015","A","2006",79.6152500000002,
"BEL","HOUSECOST","NOMINAL","IDX2015","A","2007",85.8187500000002,
"BEL","HOUSECOST","NOMINAL","IDX2015","A","2008",89.6052500000002,
"BEL","HOUSECOST","NOMINAL","IDX2015","A","2009",89.1830000000002,
"BEL","HOUSECOST","NOMINAL","IDX2015","A","2010",91.9775000000002,
"BEL","HOUSECOST","NOMINAL","IDX2015","A","2011",95.6757500000002,
"BEL","HOUSECOST","NOMINAL","IDX2015","A","2012",97.8135000000002,
"BEL","HOUSECOST","NOMINAL","IDX2015","A","2013",98.9620000000002,
"BEL","HOUSECOST","NOMINAL","IDX2015","A","2014",98.4170000000002,
"BEL","HOUSECOST","NOMINAL","IDX2015","A","2015",100,
"BEL","HOUSECOST","NOMINAL","IDX2015","A","2016",102.6405,
"BEL","HOUSECOST","NOMINAL","IDX2015","A","2017",106.372750000001,
"BEL","HOUSECOST","NOMINAL","IDX2015","A","2018",109.41525,
"BEL","HOUSECOST","NOMINAL","IDX2015","A","2019",113.77875,
"BEL","HOUSECOST","NOMINAL","IDX2015","A","2020",118.59525,
"BEL","HOUSECOST","NOMINAL","IDX2015","A","2021",127.057499999982,
"CZE","HOUSECOST","NOMINAL","IDX2015","A","2008",100.800000001582,
"CZE","HOUSECOST","NOMINAL","IDX2015","A","2009",96.9250000000002,
"CZE","HOUSECOST","NOMINAL","IDX2015","A","2010",95.2250000000001,
"CZE","HOUSECOST","NOMINAL","IDX2015","A","2011",95.2500000000001,
"CZE","HOUSECOST","NOMINAL","IDX2015","A","2012",93.8500000000002,
"CZE","HOUSECOST","NOMINAL","IDX2015","A","2013",93.8750000000001,
"CZE","HOUSECOST","NOMINAL","IDX2015","A","2014",96.1750000000002,
"CZE","HOUSECOST","NOMINAL","IDX2015","A","2015",100,
"CZE","HOUSECOST","NOMINAL","IDX2015","A","2016",107.15,
"CZE","HOUSECOST","NOMINAL","IDX2015","A","2017",119.7,
"CZE","HOUSECOST","NOMINAL","IDX2015","A","2018",130,
"CZE","HOUSECOST","NOMINAL","IDX2015","A","2019",141.9,
"CZE","HOUSECOST","NOMINAL","IDX2015","A","2020",153.85,
"CZE","HOUSECOST","NOMINAL","IDX2015","A","2021",184.225000000966,
"DNK","HOUSECOST","NOMINAL","IDX2015","A","1991",30.062105163212,
"DNK","HOUSECOST","NOMINAL","IDX2015","A","1992",29.5747400735751,
"DNK","HOUSECOST","NOMINAL","IDX2015","A","1993",29.2894531918365,
"DNK","HOUSECOST","NOMINAL","IDX2015","A","1994",32.8793131203814,
"DNK","HOUSECOST","NOMINAL","IDX2015","A","1995",35.3755733355948,
"DNK","HOUSECOST","NOMINAL","IDX2015","A","1996",39.1556245186321,
"DNK","HOUSECOST","NOMINAL","IDX2015","A","1997",43.6726668128277,
"DNK","HOUSECOST","NOMINAL","IDX2015","A","1998",47.5953614367343,
"DNK","HOUSECOST","NOMINAL","IDX2015","A","1999",50.8048388562943,
"DNK","HOUSECOST","NOMINAL","IDX2015","A","2000",54.1094119031006,
"DNK","HOUSECOST","NOMINAL","IDX2015","A","2001",57.2713415090374,
"DNK","HOUSECOST","NOMINAL","IDX2015","A","2002",59.3396714016428,
"DNK","HOUSECOST","NOMINAL","IDX2015","A","2003",62.2909057272644,
"DNK","HOUSECOST","NOMINAL","IDX2015","A","2004",69.117422793557,
"DNK","HOUSECOST","NOMINAL","IDX2015","A","2005",82.9709574273937,
"DNK","HOUSECOST","NOMINAL","IDX2015","A","2006",102.925757314393,
"DNK","HOUSECOST","NOMINAL","IDX2015","A","2007",105.676764191911,
"DNK","HOUSECOST","NOMINAL","IDX2015","A","2008",100.200250500626,
"DNK","HOUSECOST","NOMINAL","IDX2015","A","2009",88.1972204930513,
"DNK","HOUSECOST","NOMINAL","IDX2015","A","2010",90.6729766824418,
"DNK","HOUSECOST","NOMINAL","IDX2015","A","2011",89.1222228055571,
"DNK","HOUSECOST","NOMINAL","IDX2015","A","2012",86.7469668674172,
"DNK","HOUSECOST","NOMINAL","IDX2015","A","2013",90.0977252443132,
"DNK","HOUSECOST","NOMINAL","IDX2015","A","2014",93.4987337468345,
"DNK","HOUSECOST","NOMINAL","IDX2015","A","2015",100,
"DNK","HOUSECOST","NOMINAL","IDX2015","A","2016",104.72651181628,
"DNK","HOUSECOST","NOMINAL","IDX2015","A","2017",109.377773444434,
"DNK","HOUSECOST","NOMINAL","IDX2015","A","2018",114.528786321966,
"DNK","HOUSECOST","NOMINAL","IDX2015","A","2019",117.529793824485,
"DNK","HOUSECOST","NOMINAL","IDX2015","A","2020",123.531308828272,
"DNK","HOUSECOST","NOMINAL","IDX2015","A","2021",138.009845032206,
"FIN","HOUSECOST","NOMINAL","IDX2015","A","1991",50.4474625256673,
"FIN","HOUSECOST","NOMINAL","IDX2015","A","1992",43.1327032854209,
"FIN","HOUSECOST","NOMINAL","IDX2015","A","1993",38.7525400410677,
"FIN","HOUSECOST","NOMINAL","IDX2015","A","1994",40.3247125256673,
"FIN","HOUSECOST","NOMINAL","IDX2015","A","1995",39.5915359342915,
"FIN","HOUSECOST","NOMINAL","IDX2015","A","1996",41.9422361396303,
"FIN","HOUSECOST","NOMINAL","IDX2015","A","1997",48.5597217659137,
"FIN","HOUSECOST","NOMINAL","IDX2015","A","1998",52.85107238193,
"FIN","HOUSECOST","NOMINAL","IDX2015","A","1999",56.5793131416837,
"FIN","HOUSECOST","NOMINAL","IDX2015","A","2000",58.7826221765913,
"FIN","HOUSECOST","NOMINAL","IDX2015","A","2001",57.9455159137576,
"FIN","HOUSECOST","NOMINAL","IDX2015","A","2002",61.4262150924023,
"FIN","HOUSECOST","NOMINAL","IDX2015","A","2003",65.3207433264886,
"FIN","HOUSECOST","NOMINAL","IDX2015","A","2004",70.6513906570841,
"FIN","HOUSECOST","NOMINAL","IDX2015","A","2005",76.2499999999999,
"FIN","HOUSECOST","NOMINAL","IDX2015","A","2006",81.5549999999999,
"FIN","HOUSECOST","NOMINAL","IDX2015","A","2007",86.3649999999998,
"FIN","HOUSECOST","NOMINAL","IDX2015","A","2008",87.0599999999998,
"FIN","HOUSECOST","NOMINAL","IDX2015","A","2009",88.3124999999998,
"FIN","HOUSECOST","NOMINAL","IDX2015","A","2010",93.8824999999998,
"FIN","HOUSECOST","NOMINAL","IDX2015","A","2011",96.8649999999998,
"FIN","HOUSECOST","NOMINAL","IDX2015","A","2012",99.2049999999997,
"FIN","HOUSECOST","NOMINAL","IDX2015","A","2013",100.3525,
"FIN","HOUSECOST","NOMINAL","IDX2015","A","2014",99.9949999999999,
"FIN","HOUSECOST","NOMINAL","IDX2015","A","2015",100,
"FIN","HOUSECOST","NOMINAL","IDX2015","A","2016",101.285,
"FIN","HOUSECOST","NOMINAL","IDX2015","A","2017",102.3875,
"FIN","HOUSECOST","NOMINAL","IDX2015","A","2018",103.335,
"FIN","HOUSECOST","NOMINAL","IDX2015","A","2019",103.77,
"FIN","HOUSECOST","NOMINAL","IDX2015","A","2020",105.595,
"FIN","HOUSECOST","NOMINAL","IDX2015","A","2021",110.447500000953,
"FRA","HOUSECOST","NOMINAL","IDX2015","A","1991",45.0662450756207,
"FRA","HOUSECOST","NOMINAL","IDX2015","A","1992",44.1858880401274,
"FRA","HOUSECOST","NOMINAL","IDX2015","A","1993",43.8086044928703,
"FRA","HOUSECOST","NOMINAL","IDX2015","A","1994",43.6828145518913,
"FRA","HOUSECOST","NOMINAL","IDX2015","A","1995",41.9657001234463,
"FRA","HOUSECOST","NOMINAL","IDX2015","A","1996",41.55,
"FRA","HOUSECOST","NOMINAL","IDX2015","A","1997",41.4,
"FRA","HOUSECOST","NOMINAL","IDX2015","A","1998",42.225,
"FRA","HOUSECOST","NOMINAL","IDX2015","A","1999",45.15,
"FRA","HOUSECOST","NOMINAL","IDX2015","A","2000",49.1,
"FRA","HOUSECOST","NOMINAL","IDX2015","A","2001",52.975,
"FRA","HOUSECOST","NOMINAL","IDX2015","A","2002",57.55,
"FRA","HOUSECOST","NOMINAL","IDX2015","A","2003",64.4,
"FRA","HOUSECOST","NOMINAL","IDX2015","A","2004",74.075,
"FRA","HOUSECOST","NOMINAL","IDX2015","A","2005",85.525,
"FRA","HOUSECOST","NOMINAL","IDX2015","A","2006",95.825,
"FRA","HOUSECOST","NOMINAL","IDX2015","A","2007",102.075,
"FRA","HOUSECOST","NOMINAL","IDX2015","A","2008",103.025,
"FRA","HOUSECOST","NOMINAL","IDX2015","A","2009",95.7,
"FRA","HOUSECOST","NOMINAL","IDX2015","A","2010",100.575,
"FRA","HOUSECOST","NOMINAL","IDX2015","A","2011",106.55,
"FRA","HOUSECOST","NOMINAL","IDX2015","A","2012",105.975,
"FRA","HOUSECOST","NOMINAL","IDX2015","A","2013",103.8,
"FRA","HOUSECOST","NOMINAL","IDX2015","A","2014",101.925,
"FRA","HOUSECOST","NOMINAL","IDX2015","A","2015",100,
"FRA","HOUSECOST","NOMINAL","IDX2015","A","2016",100.925,
"FRA","HOUSECOST","NOMINAL","IDX2015","A","2017",103.975,
"FRA","HOUSECOST","NOMINAL","IDX2015","A","2018",107.125,
"FRA","HOUSECOST","NOMINAL","IDX2015","A","2019",110.7,
"FRA","HOUSECOST","NOMINAL","IDX2015","A","2020",116.825,
"FRA","HOUSECOST","NOMINAL","IDX2015","A","2021",124.65,
"DEU","HOUSECOST","NOMINAL","IDX2015","A","1991",74.8106613468951,
"DEU","HOUSECOST","NOMINAL","IDX2015","A","1992",78.8653822087728,
"DEU","HOUSECOST","NOMINAL","IDX2015","A","1993",82.6653562102184,
"DEU","HOUSECOST","NOMINAL","IDX2015","A","1994",86.0832099210158,
"DEU","HOUSECOST","NOMINAL","IDX2015","A","1995",87.3569442231764,
"DEU","HOUSECOST","NOMINAL","IDX2015","A","1996",86.1893544461959,
"DEU","HOUSECOST","NOMINAL","IDX2015","A","1997",84.6608732836033,
"DEU","HOUSECOST","NOMINAL","IDX2015","A","1998",83.8966327023069,
"DEU","HOUSECOST","NOMINAL","IDX2015","A","1999",83.981548322451,
"DEU","HOUSECOST","NOMINAL","IDX2015","A","2000",84.3712109280274,
"DEU","HOUSECOST","NOMINAL","IDX2015","A","2001",84.4212110530277,
"DEU","HOUSECOST","NOMINAL","IDX2015","A","2002",83.3212083030209,
"DEU","HOUSECOST","NOMINAL","IDX2015","A","2003",83.6462091155229,
"DEU","HOUSECOST","NOMINAL","IDX2015","A","2004",82.3207058017646,
"DEU","HOUSECOST","NOMINAL","IDX2015","A","2005",83.3462083655211,
"DEU","HOUSECOST","NOMINAL","IDX2015","A","2006",83.021207553019,
"DEU","HOUSECOST","NOMINAL","IDX2015","A","2007",81.2452031130079,
"DEU","HOUSECOST","NOMINAL","IDX2015","A","2008",82.3457058642648,
"DEU","HOUSECOST","NOMINAL","IDX2015","A","2009",83.020957552394,
"DEU","HOUSECOST","NOMINAL","IDX2015","A","2010",83.8712096780243,
"DEU","HOUSECOST","NOMINAL","IDX2015","A","2011",86.7972169930426,
"DEU","HOUSECOST","NOMINAL","IDX2015","A","2012",89.7727244318112,
"DEU","HOUSECOST","NOMINAL","IDX2015","A","2013",92.5982314955789,
"DEU","HOUSECOST","NOMINAL","IDX2015","A","2014",95.498988747472,
"DEU","HOUSECOST","NOMINAL","IDX2015","A","2015",100,
"DEU","HOUSECOST","NOMINAL","IDX2015","A","2016",107.527268818172,
"DEU","HOUSECOST","NOMINAL","IDX2015","A","2017",114.103785259463,
"DEU","HOUSECOST","NOMINAL","IDX2015","A","2018",121.680804202011,
"DEU","HOUSECOST","NOMINAL","IDX2015","A","2019",128.707321768305,
"DEU","HOUSECOST","NOMINAL","IDX2015","A","2020",138.684846712117,
"DEU","HOUSECOST","NOMINAL","IDX2015","A","2021",154.739386842701,
"GRC","HOUSECOST","NOMINAL","IDX2015","A","1997",63.6514050320715,
"GRC","HOUSECOST","NOMINAL","IDX2015","A","1998",72.788602752781,
"GRC","HOUSECOST","NOMINAL","IDX2015","A","1999",79.2635997243898,
"GRC","HOUSECOST","NOMINAL","IDX2015","A","2000",87.6405561613815,
"GRC","HOUSECOST","NOMINAL","IDX2015","A","2001",100.262090360286,
"GRC","HOUSECOST","NOMINAL","IDX2015","A","2002",114.154803224307,
"GRC","HOUSECOST","NOMINAL","IDX2015","A","2003",120.30972455919,
"GRC","HOUSECOST","NOMINAL","IDX2015","A","2004",123.094481235265,
"GRC","HOUSECOST","NOMINAL","IDX2015","A","2005",136.5048613216,
"GRC","HOUSECOST","NOMINAL","IDX2015","A","2006",154.57875,
"GRC","HOUSECOST","NOMINAL","IDX2015","A","2007",163.77575,
"GRC","HOUSECOST","NOMINAL","IDX2015","A","2008",166.53825,
"GRC","HOUSECOST","NOMINAL","IDX2015","A","2009",160.344,
"GRC","HOUSECOST","NOMINAL","IDX2015","A","2010",152.88,
"GRC","HOUSECOST","NOMINAL","IDX2015","A","2011",144.52275,
"GRC","HOUSECOST","NOMINAL","IDX2015","A","2012",127.67075,
"GRC","HOUSECOST","NOMINAL","IDX2015","A","2013",113.81625,
"GRC","HOUSECOST","NOMINAL","IDX2015","A","2014",105.32025,
"GRC","HOUSECOST","NOMINAL","IDX2015","A","2015",100,
"GRC","HOUSECOST","NOMINAL","IDX2015","A","2016",97.623,
"GRC","HOUSECOST","NOMINAL","IDX2015","A","2017",96.63425,
"GRC","HOUSECOST","NOMINAL","IDX2015","A","2018",98.379,
"GRC","HOUSECOST","NOMINAL","IDX2015","A","2019",105.4815,
"GRC","HOUSECOST","NOMINAL","IDX2015","A","2020",110.22325,
"GRC","HOUSECOST","NOMINAL","IDX2015","A","2021",118.558500001166,
"HUN","HOUSECOST","NOMINAL","IDX2015","A","2007",98.9099999996598,
"HUN","HOUSECOST","NOMINAL","IDX2015","A","2008",101.2575,
"HUN","HOUSECOST","NOMINAL","IDX2015","A","2009",95.9525000000001,
"HUN","HOUSECOST","NOMINAL","IDX2015","A","2010",93.6600000000001,
"HUN","HOUSECOST","NOMINAL","IDX2015","A","2011",90.4475000000001,
"HUN","HOUSECOST","NOMINAL","IDX2015","A","2012",87.0975000000001,
"HUN","HOUSECOST","NOMINAL","IDX2015","A","2013",84.8700000000001,
"HUN","HOUSECOST","NOMINAL","IDX2015","A","2014",88.4275000000001,
"HUN","HOUSECOST","NOMINAL","IDX2015","A","2015",100,
"HUN","HOUSECOST","NOMINAL","IDX2015","A","2016",113.3775,
"HUN","HOUSECOST","NOMINAL","IDX2015","A","2017",127.24,
"HUN","HOUSECOST","NOMINAL","IDX2015","A","2018",145.495,
"HUN","HOUSECOST","NOMINAL","IDX2015","A","2019",170.1675,
"HUN","HOUSECOST","NOMINAL","IDX2015","A","2020",178.5775,
"HUN","HOUSECOST","NOMINAL","IDX2015","A","2021",208.037500011024,
"IRL","HOUSECOST","NOMINAL","IDX2015","A","1991",30.2831705642593,
"IRL","HOUSECOST","NOMINAL","IDX2015","A","1992",30.8573910463924,
"IRL","HOUSECOST","NOMINAL","IDX2015","A","1993",31.4936546784567,
"IRL","HOUSECOST","NOMINAL","IDX2015","A","1994",32.99563813983,
"IRL","HOUSECOST","NOMINAL","IDX2015","A","1995",35.0683934999646,
"IRL","HOUSECOST","NOMINAL","IDX2015","A","1996",38.0783484174746,
"IRL","HOUSECOST","NOMINAL","IDX2015","A","1997",43.6759008417445,
"IRL","HOUSECOST","NOMINAL","IDX2015","A","1998",54.2163078125608,
"IRL","HOUSECOST","NOMINAL","IDX2015","A","1999",65.8752157738259,
"IRL","HOUSECOST","NOMINAL","IDX2015","A","2000",79.4744848445133,
"IRL","HOUSECOST","NOMINAL","IDX2015","A","2001",89.3205038780744,
"IRL","HOUSECOST","NOMINAL","IDX2015","A","2002",95.5530972548496,
"IRL","HOUSECOST","NOMINAL","IDX2015","A","2003",109.141769769359,
"IRL","HOUSECOST","NOMINAL","IDX2015","A","2004",121.325332664479,
"IRL","HOUSECOST","NOMINAL","IDX2015","A","2005",131.81375,
"IRL","HOUSECOST","NOMINAL","IDX2015","A","2006",151.417,
"IRL","HOUSECOST","NOMINAL","IDX2015","A","2007",162.69375,
"IRL","HOUSECOST","NOMINAL","IDX2015","A","2008",151.4,
"IRL","HOUSECOST","NOMINAL","IDX2015","A","2009",122.412,
"IRL","HOUSECOST","NOMINAL","IDX2015","A","2010",105.976,
"IRL","HOUSECOST","NOMINAL","IDX2015","A","2011",87.8815000000001,
"IRL","HOUSECOST","NOMINAL","IDX2015","A","2012",76.03775,
"IRL","HOUSECOST","NOMINAL","IDX2015","A","2013",77.0045,
"IRL","HOUSECOST","NOMINAL","IDX2015","A","2014",89.7232500000001,
"IRL","HOUSECOST","NOMINAL","IDX2015","A","2015",100,
"IRL","HOUSECOST","NOMINAL","IDX2015","A","2016",107.4845,
"IRL","HOUSECOST","NOMINAL","IDX2015","A","2017",119.16175,
"IRL","HOUSECOST","NOMINAL","IDX2015","A","2018",131.3635,
"IRL","HOUSECOST","NOMINAL","IDX2015","A","2019",134.43075,
"IRL","HOUSECOST","NOMINAL","IDX2015","A","2020",134.84725,
"IRL","HOUSECOST","NOMINAL","IDX2015","A","2021",145.999500000871,
"ITA","HOUSECOST","NOMINAL","IDX2015","A","1991",62.4373424463658,
"ITA","HOUSECOST","NOMINAL","IDX2015","A","1992",66.3044567293194,
"ITA","HOUSECOST","NOMINAL","IDX2015","A","1993",66.4541401145842,
"ITA","HOUSECOST","NOMINAL","IDX2015","A","1994",64.5597648004823,
"ITA","HOUSECOST","NOMINAL","IDX2015","A","1995",65.0548939591917,
"ITA","HOUSECOST","NOMINAL","IDX2015","A","1996",62.9097256005627,
"ITA","HOUSECOST","NOMINAL","IDX2015","A","1997",60.0038134485877,
"ITA","HOUSECOST","NOMINAL","IDX2015","A","1998",61.2555774449692,
"ITA","HOUSECOST","NOMINAL","IDX2015","A","1999",64.6687988742586,
"ITA","HOUSECOST","NOMINAL","IDX2015","A","2000",70.0132294702984,
"ITA","HOUSECOST","NOMINAL","IDX2015","A","2001",75.7549080309578,
"ITA","HOUSECOST","NOMINAL","IDX2015","A","2002",83.0117639963814,
"ITA","HOUSECOST","NOMINAL","IDX2015","A","2003",91.5445974469794,
"ITA","HOUSECOST","NOMINAL","IDX2015","A","2004",100.636689114483,
"ITA","HOUSECOST","NOMINAL","IDX2015","A","2005",108.225783495829,
"ITA","HOUSECOST","NOMINAL","IDX2015","A","2006",115.191197105237,
"ITA","HOUSECOST","NOMINAL","IDX2015","A","2007",121.130252286662,
"ITA","HOUSECOST","NOMINAL","IDX2015","A","2008",123.17709920595,
"ITA","HOUSECOST","NOMINAL","IDX2015","A","2009",118.646535330184,
"ITA","HOUSECOST","NOMINAL","IDX2015","A","2010",118.1,
"ITA","HOUSECOST","NOMINAL","IDX2015","A","2011",119.7,
"ITA","HOUSECOST","NOMINAL","IDX2015","A","2012",116.65,
"ITA","HOUSECOST","NOMINAL","IDX2015","A","2013",109.1,
"ITA","HOUSECOST","NOMINAL","IDX2015","A","2014",103.95,
"ITA","HOUSECOST","NOMINAL","IDX2015","A","2015",100,
"ITA","HOUSECOST","NOMINAL","IDX2015","A","2016",100.25,
"ITA","HOUSECOST","NOMINAL","IDX2015","A","2017",99.1749999999999,
"ITA","HOUSECOST","NOMINAL","IDX2015","A","2018",98.6249999999999,
"ITA","HOUSECOST","NOMINAL","IDX2015","A","2019",98.5249999999999,
"ITA","HOUSECOST","NOMINAL","IDX2015","A","2020",100.4,
"ITA","HOUSECOST","NOMINAL","IDX2015","A","2021",102.950000000985,
"LUX","HOUSECOST","NOMINAL","IDX2015","A","2007",74.4201860484585,
"LUX","HOUSECOST","NOMINAL","IDX2015","A","2008",76.9076922692307,
"LUX","HOUSECOST","NOMINAL","IDX2015","A","2009",76.0201900504752,
"LUX","HOUSECOST","NOMINAL","IDX2015","A","2010",80.1402003505009,
"LUX","HOUSECOST","NOMINAL","IDX2015","A","2011",83.0874577186443,
"LUX","HOUSECOST","NOMINAL","IDX2015","A","2012",86.5754664386662,
"LUX","HOUSECOST","NOMINAL","IDX2015","A","2013",90.8947272368182,
"LUX","HOUSECOST","NOMINAL","IDX2015","A","2014",94.8777371943431,
"LUX","HOUSECOST","NOMINAL","IDX2015","A","2015",100,
"LUX","HOUSECOST","NOMINAL","IDX2015","A","2016",106.006265015663,
"LUX","HOUSECOST","NOMINAL","IDX2015","A","2017",111.95977989945,
"LUX","HOUSECOST","NOMINAL","IDX2015","A","2018",119.861799654499,
"LUX","HOUSECOST","NOMINAL","IDX2015","A","2019",131.986829967075,
"LUX","HOUSECOST","NOMINAL","IDX2015","A","2020",151.114627786569,
"LUX","HOUSECOST","NOMINAL","IDX2015","A","2021",172.151180382064,
"NLD","HOUSECOST","NOMINAL","IDX2015","A","1991",29.9698629184827,
"NLD","HOUSECOST","NOMINAL","IDX2015","A","1992",32.4820876575323,
"NLD","HOUSECOST","NOMINAL","IDX2015","A","1993",35.1611501600251,
"NLD","HOUSECOST","NOMINAL","IDX2015","A","1994",39.494173261526,
"NLD","HOUSECOST","NOMINAL","IDX2015","A","1995",42.3406648511805,
"NLD","HOUSECOST","NOMINAL","IDX2015","A","1996",46.902304965575,
"NLD","HOUSECOST","NOMINAL","IDX2015","A","1997",52.4870477461202,
"NLD","HOUSECOST","NOMINAL","IDX2015","A","1998",58.1938003205893,
"NLD","HOUSECOST","NOMINAL","IDX2015","A","1999",67.7112682034611,
"NLD","HOUSECOST","NOMINAL","IDX2015","A","2000",80.063344885072,
"NLD","HOUSECOST","NOMINAL","IDX2015","A","2001",88.9425773677409,
"NLD","HOUSECOST","NOMINAL","IDX2015","A","2002",94.6587348051619,
"NLD","HOUSECOST","NOMINAL","IDX2015","A","2003",98.0377274824912,
"NLD","HOUSECOST","NOMINAL","IDX2015","A","2004",102.289598443191,
"NLD","HOUSECOST","NOMINAL","IDX2015","A","2005",106.2215,
"NLD","HOUSECOST","NOMINAL","IDX2015","A","2006",110.76025,
"NLD","HOUSECOST","NOMINAL","IDX2015","A","2007",116.124,
"NLD","HOUSECOST","NOMINAL","IDX2015","A","2008",118.66975,
"NLD","HOUSECOST","NOMINAL","IDX2015","A","2009",113.37825,
"NLD","HOUSECOST","NOMINAL","IDX2015","A","2010",111.428,
"NLD","HOUSECOST","NOMINAL","IDX2015","A","2011",109.21725,
"NLD","HOUSECOST","NOMINAL","IDX2015","A","2012",101.8855,
"NLD","HOUSECOST","NOMINAL","IDX2015","A","2013",95.7715000000002,
"NLD","HOUSECOST","NOMINAL","IDX2015","A","2014",96.5565000000002,
"NLD","HOUSECOST","NOMINAL","IDX2015","A","2015",100,
"NLD","HOUSECOST","NOMINAL","IDX2015","A","2016",105.0515,
"NLD","HOUSECOST","NOMINAL","IDX2015","A","2017",112.97825,
"NLD","HOUSECOST","NOMINAL","IDX2015","A","2018",123.65575,
"NLD","HOUSECOST","NOMINAL","IDX2015","A","2019",132.658,
"NLD","HOUSECOST","NOMINAL","IDX2015","A","2020",142.7605,
"NLD","HOUSECOST","NOMINAL","IDX2015","A","2021",164.241000001341,
"POL","HOUSECOST","NOMINAL","IDX2015","A","2005",56.0049999974334,
"POL","HOUSECOST","NOMINAL","IDX2015","A","2006",76.515,
"POL","HOUSECOST","NOMINAL","IDX2015","A","2007",113.8175,
"POL","HOUSECOST","NOMINAL","IDX2015","A","2008",112.9175,
"POL","HOUSECOST","NOMINAL","IDX2015","A","2009",109.77,
"POL","HOUSECOST","NOMINAL","IDX2015","A","2010",105.61,
"POL","HOUSECOST","NOMINAL","IDX2015","A","2011",105.695,
"POL","HOUSECOST","NOMINAL","IDX2015","A","2012",102.005,
"POL","HOUSECOST","NOMINAL","IDX2015","A","2013",97.535,
"POL","HOUSECOST","NOMINAL","IDX2015","A","2014",98.5,
"POL","HOUSECOST","NOMINAL","IDX2015","A","2015",100,
"POL","HOUSECOST","NOMINAL","IDX2015","A","2016",101.8575,
"POL","HOUSECOST","NOMINAL","IDX2015","A","2017",105.7825,
"POL","HOUSECOST","NOMINAL","IDX2015","A","2018",112.7425,
"POL","HOUSECOST","NOMINAL","IDX2015","A","2019",122.5225,
"POL","HOUSECOST","NOMINAL","IDX2015","A","2020",135.3625,
"POL","HOUSECOST","NOMINAL","IDX2015","A","2021",147.772500002094,
"PRT","HOUSECOST","NOMINAL","IDX2015","A","1991",65.6281842585632,
"PRT","HOUSECOST","NOMINAL","IDX2015","A","1992",73.7891578975625,
"PRT","HOUSECOST","NOMINAL","IDX2015","A","1993",74.7224079244067,
"PRT","HOUSECOST","NOMINAL","IDX2015","A","1994",76.4272202834746,
"PRT","HOUSECOST","NOMINAL","IDX2015","A","1995",77.5987469129174,
"PRT","HOUSECOST","NOMINAL","IDX2015","A","1996",78.8638822076666,
"PRT","HOUSECOST","NOMINAL","IDX2015","A","1997",81.7260380650703,
"PRT","HOUSECOST","NOMINAL","IDX2015","A","1998",85.368266133362,
"PRT","HOUSECOST","NOMINAL","IDX2015","A","1999",93.0328301836143,
"PRT","HOUSECOST","NOMINAL","IDX2015","A","2000",100.240697412219,
"PRT","HOUSECOST","NOMINAL","IDX2015","A","2001",105.672836626221,
"PRT","HOUSECOST","NOMINAL","IDX2015","A","2002",106.330933909589,
"PRT","HOUSECOST","NOMINAL","IDX2015","A","2003",107.47976752926,
"PRT","HOUSECOST","NOMINAL","IDX2015","A","2004",108.166231074841,
"PRT","HOUSECOST","NOMINAL","IDX2015","A","2005",110.622749382583,
"PRT","HOUSECOST","NOMINAL","IDX2015","A","2006",112.954456136583,
"PRT","HOUSECOST","NOMINAL","IDX2015","A","2007",113.467885482658,
"PRT","HOUSECOST","NOMINAL","IDX2015","A","2008",106.308240899817,
"PRT","HOUSECOST","NOMINAL","IDX2015","A","2009",106.5375,
"PRT","HOUSECOST","NOMINAL","IDX2015","A","2010",107.3575,
"PRT","HOUSECOST","NOMINAL","IDX2015","A","2011",102.0925,
"PRT","HOUSECOST","NOMINAL","IDX2015","A","2012",94.8724999999999,
"PRT","HOUSECOST","NOMINAL","IDX2015","A","2013",93.085,
"PRT","HOUSECOST","NOMINAL","IDX2015","A","2014",97.0375,
"PRT","HOUSECOST","NOMINAL","IDX2015","A","2015",100,
"PRT","HOUSECOST","NOMINAL","IDX2015","A","2016",107.115,
"PRT","HOUSECOST","NOMINAL","IDX2015","A","2017",117.015,
"PRT","HOUSECOST","NOMINAL","IDX2015","A","2018",129.0325,
"PRT","HOUSECOST","NOMINAL","IDX2015","A","2019",141.8825,
"PRT","HOUSECOST","NOMINAL","IDX2015","A","2020",154.3275,
"PRT","HOUSECOST","NOMINAL","IDX2015","A","2021",168.840000004145,
"SVK","HOUSECOST","NOMINAL","IDX2015","A","2005",65.0965362479113,
"SVK","HOUSECOST","NOMINAL","IDX2015","A","2006",75.9868100329749,
"SVK","HOUSECOST","NOMINAL","IDX2015","A","2007",98.0047549881124,
"SVK","HOUSECOST","NOMINAL","IDX2015","A","2008",115.552711118222,
"SVK","HOUSECOST","NOMINAL","IDX2015","A","2009",100.81724795688,
"SVK","HOUSECOST","NOMINAL","IDX2015","A","2010",96.7842580393549,
"SVK","HOUSECOST","NOMINAL","IDX2015","A","2011",95.3292616768457,
"SVK","HOUSECOST","NOMINAL","IDX2015","A","2012",92.7542681143296,
"SVK","HOUSECOST","NOMINAL","IDX2015","A","2013",93.5867660330849,
"SVK","HOUSECOST","NOMINAL","IDX2015","A","2014",94.9067627330931,
"SVK","HOUSECOST","NOMINAL","IDX2015","A","2015",100,
"SVK","HOUSECOST","NOMINAL","IDX2015","A","2016",106.702733243167,
"SVK","HOUSECOST","NOMINAL","IDX2015","A","2017",112.990217524456,
"SVK","HOUSECOST","NOMINAL","IDX2015","A","2018",121.320196699508,
"SVK","HOUSECOST","NOMINAL","IDX2015","A","2019",132.395169012077,
"SVK","HOUSECOST","NOMINAL","IDX2015","A","2020",145.061137347157,
"SVK","HOUSECOST","NOMINAL","IDX2015","A","2021",154.333614158923,
"ESP","HOUSECOST","NOMINAL","IDX2015","A","1991",42.672742068569,
"ESP","HOUSECOST","NOMINAL","IDX2015","A","1992",42.3859722890556,
"ESP","HOUSECOST","NOMINAL","IDX2015","A","1993",42.2600733614643,
"ESP","HOUSECOST","NOMINAL","IDX2015","A","1994",42.8930651918537,
"ESP","HOUSECOST","NOMINAL","IDX2015","A","1995",44.3933607456495,
"ESP","HOUSECOST","NOMINAL","IDX2015","A","1996",45.5229539015377,
"ESP","HOUSECOST","NOMINAL","IDX2015","A","1997",47.4638957019029,
"ESP","HOUSECOST","NOMINAL","IDX2015","A","1998",49.7720427077425,
"ESP","HOUSECOST","NOMINAL","IDX2015","A","1999",53.2447547938013,
"ESP","HOUSECOST","NOMINAL","IDX2015","A","2000",57.2385485523905,
"ESP","HOUSECOST","NOMINAL","IDX2015","A","2001",62.676682785846,
"ESP","HOUSECOST","NOMINAL","IDX2015","A","2002",73.3081477824408,
"ESP","HOUSECOST","NOMINAL","IDX2015","A","2003",87.9508924997903,
"ESP","HOUSECOST","NOMINAL","IDX2015","A","2004",104.07644680877,
"ESP","HOUSECOST","NOMINAL","IDX2015","A","2005",119.271747930548,
"ESP","HOUSECOST","NOMINAL","IDX2015","A","2006",135.500411248972,
"ESP","HOUSECOST","NOMINAL","IDX2015","A","2007",148.79112802218,
"ESP","HOUSECOST","NOMINAL","IDX2015","A","2008",146.666133334667,
"ESP","HOUSECOST","NOMINAL","IDX2015","A","2009",136.975157562106,
"ESP","HOUSECOST","NOMINAL","IDX2015","A","2010",134.555163612091,
"ESP","HOUSECOST","NOMINAL","IDX2015","A","2011",124.270189324527,
"ESP","HOUSECOST","NOMINAL","IDX2015","A","2012",105.905235236912,
"ESP","HOUSECOST","NOMINAL","IDX2015","A","2013",96.2392594018517,
"ESP","HOUSECOST","NOMINAL","IDX2015","A","2014",96.5392586518536,
"ESP","HOUSECOST","NOMINAL","IDX2015","A","2015",100,
"ESP","HOUSECOST","NOMINAL","IDX2015","A","2016",104.622738443154,
"ESP","HOUSECOST","NOMINAL","IDX2015","A","2017",111.105222236945,
"ESP","HOUSECOST","NOMINAL","IDX2015","A","2018",118.580203549491,
"ESP","HOUSECOST","NOMINAL","IDX2015","A","2019",124.71518821203,
"ESP","HOUSECOST","NOMINAL","IDX2015","A","2020",127.505181237047,
"ESP","HOUSECOST","NOMINAL","IDX2015","A","2021",132.195169513105,
"SWE","HOUSECOST","NOMINAL","IDX2015","A","1991",29.5257074175824,
"SWE","HOUSECOST","NOMINAL","IDX2015","A","1992",26.7396222527472,
"SWE","HOUSECOST","NOMINAL","IDX2015","A","1993",23.7836538461538,
"SWE","HOUSECOST","NOMINAL","IDX2015","A","1994",24.8709065934066,
"SWE","HOUSECOST","NOMINAL","IDX2015","A","1995",24.9388598901099,
"SWE","HOUSECOST","NOMINAL","IDX2015","A","1996",25.1427197802198,
"SWE","HOUSECOST","NOMINAL","IDX2015","A","1997",26.8075755494505,
"SWE","HOUSECOST","NOMINAL","IDX2015","A","1998",29.3558241758242,
"SWE","HOUSECOST","NOMINAL","IDX2015","A","1999",32.1079326923076,
"SWE","HOUSECOST","NOMINAL","IDX2015","A","2000",35.7094574175824,
"SWE","HOUSECOST","NOMINAL","IDX2015","A","2001",38.5295192307692,
"SWE","HOUSECOST","NOMINAL","IDX2015","A","2002",40.9758379120879,
"SWE","HOUSECOST","NOMINAL","IDX2015","A","2003",43.6939697802197,
"SWE","HOUSECOST","NOMINAL","IDX2015","A","2004",47.7711675824175,
"SWE","HOUSECOST","NOMINAL","IDX2015","A","2005",52.0399999999999,
"SWE","HOUSECOST","NOMINAL","IDX2015","A","2006",58.4574999999999,
"SWE","HOUSECOST","NOMINAL","IDX2015","A","2007",65.7349999999999,
"SWE","HOUSECOST","NOMINAL","IDX2015","A","2008",66.4725,
"SWE","HOUSECOST","NOMINAL","IDX2015","A","2009",68.5649999999999,
"SWE","HOUSECOST","NOMINAL","IDX2015","A","2010",73.965,
"SWE","HOUSECOST","NOMINAL","IDX2015","A","2011",75.8724999999999,
"SWE","HOUSECOST","NOMINAL","IDX2015","A","2012",76.8249999999999,
"SWE","HOUSECOST","NOMINAL","IDX2015","A","2013",80.7849999999999,
"SWE","HOUSECOST","NOMINAL","IDX2015","A","2014",88.4024999999999,
"SWE","HOUSECOST","NOMINAL","IDX2015","A","2015",100,
"SWE","HOUSECOST","NOMINAL","IDX2015","A","2016",108.2425,
"SWE","HOUSECOST","NOMINAL","IDX2015","A","2017",115.4275,
"SWE","HOUSECOST","NOMINAL","IDX2015","A","2018",114.35,
"SWE","HOUSECOST","NOMINAL","IDX2015","A","2019",117.1875,
"SWE","HOUSECOST","NOMINAL","IDX2015","A","2020",122.11,
"SWE","HOUSECOST","NOMINAL","IDX2015","A","2021",134.462500000631,
"EST","HOUSECOST","NOMINAL","IDX2015","A","2005",59.0128524688718,
"EST","HOUSECOST","NOMINAL","IDX2015","A","2006",88.2215294461763,
"EST","HOUSECOST","NOMINAL","IDX2015","A","2007",106.534983662541,
"EST","HOUSECOST","NOMINAL","IDX2015","A","2008",96.2920092699767,
"EST","HOUSECOST","NOMINAL","IDX2015","A","2009",60.4665988335029,
"EST","HOUSECOST","NOMINAL","IDX2015","A","2010",63.9010902472744,
"EST","HOUSECOST","NOMINAL","IDX2015","A","2011",69.3230766923083,
"EST","HOUSECOST","NOMINAL","IDX2015","A","2012",74.3710640723398,
"EST","HOUSECOST","NOMINAL","IDX2015","A","2013",82.2932942667643,
"EST","HOUSECOST","NOMINAL","IDX2015","A","2014",93.5795160512099,
"EST","HOUSECOST","NOMINAL","IDX2015","A","2015",100,
"EST","HOUSECOST","NOMINAL","IDX2015","A","2016",104.74448813878,
"EST","HOUSECOST","NOMINAL","IDX2015","A","2017",110.511223721941,
"EST","HOUSECOST","NOMINAL","IDX2015","A","2018",117.065957335107,
"EST","HOUSECOST","NOMINAL","IDX2015","A","2019",125.267186832033,
"EST","HOUSECOST","NOMINAL","IDX2015","A","2020",132.79166802083,
"EST","HOUSECOST","NOMINAL","IDX2015","A","2021",152.777618058345,
"LVA","HOUSECOST","NOMINAL","IDX2015","A","2006",104.474999988282,
"LVA","HOUSECOST","NOMINAL","IDX2015","A","2007",142.3675,
"LVA","HOUSECOST","NOMINAL","IDX2015","A","2008",143.9425,
"LVA","HOUSECOST","NOMINAL","IDX2015","A","2009",90.2400000000001,
"LVA","HOUSECOST","NOMINAL","IDX2015","A","2010",80.3500000000001,
"LVA","HOUSECOST","NOMINAL","IDX2015","A","2011",88.7250000000002,
"LVA","HOUSECOST","NOMINAL","IDX2015","A","2012",91.3625000000002,
"LVA","HOUSECOST","NOMINAL","IDX2015","A","2013",97.6225000000001,
"LVA","HOUSECOST","NOMINAL","IDX2015","A","2014",103.475,
"LVA","HOUSECOST","NOMINAL","IDX2015","A","2015",100,
"LVA","HOUSECOST","NOMINAL","IDX2015","A","2016",108.4875,
"LVA","HOUSECOST","NOMINAL","IDX2015","A","2017",118.0125,
"LVA","HOUSECOST","NOMINAL","IDX2015","A","2018",129.3,
"LVA","HOUSECOST","NOMINAL","IDX2015","A","2019",140.875,
"LVA","HOUSECOST","NOMINAL","IDX2015","A","2020",145.7675,
"LVA","HOUSECOST","NOMINAL","IDX2015","A","2021",161.644999994673,
"LTU","HOUSECOST","NOMINAL","IDX2015","A","2006",94.2474999922631,
"LTU","HOUSECOST","NOMINAL","IDX2015","A","2007",119.055,
"LTU","HOUSECOST","NOMINAL","IDX2015","A","2008",129.755,
"LTU","HOUSECOST","NOMINAL","IDX2015","A","2009",90.9225,
"LTU","HOUSECOST","NOMINAL","IDX2015","A","2010",84.2025,
"LTU","HOUSECOST","NOMINAL","IDX2015","A","2011",89.765,
"LTU","HOUSECOST","NOMINAL","IDX2015","A","2012",89.5575,
"LTU","HOUSECOST","NOMINAL","IDX2015","A","2013",90.645,
"LTU","HOUSECOST","NOMINAL","IDX2015","A","2014",96.47,
"LTU","HOUSECOST","NOMINAL","IDX2015","A","2015",100,
"LTU","HOUSECOST","NOMINAL","IDX2015","A","2016",105.4,
"LTU","HOUSECOST","NOMINAL","IDX2015","A","2017",114.7975,
"LTU","HOUSECOST","NOMINAL","IDX2015","A","2018",123.18,
"LTU","HOUSECOST","NOMINAL","IDX2015","A","2019",131.61,
"LTU","HOUSECOST","NOMINAL","IDX2015","A","2020",141.1775,
"LTU","HOUSECOST","NOMINAL","IDX2015","A","2021",163.840000004176,
"SVN","HOUSECOST","NOMINAL","IDX2015","A","2007",120.845000008208,
"SVN","HOUSECOST","NOMINAL","IDX2015","A","2008",129.3075,
"SVN","HOUSECOST","NOMINAL","IDX2015","A","2009",117.055,
"SVN","HOUSECOST","NOMINAL","IDX2015","A","2010",117.205,
"SVN","HOUSECOST","NOMINAL","IDX2015","A","2011",120.385,
"SVN","HOUSECOST","NOMINAL","IDX2015","A","2012",112.09,
"SVN","HOUSECOST","NOMINAL","IDX2015","A","2013",106.21,
"SVN","HOUSECOST","NOMINAL","IDX2015","A","2014",99.2025000000001,
"SVN","HOUSECOST","NOMINAL","IDX2015","A","2015",100,
"SVN","HOUSECOST","NOMINAL","IDX2015","A","2016",103.2525,
"SVN","HOUSECOST","NOMINAL","IDX2015","A","2017",111.785,
"SVN","HOUSECOST","NOMINAL","IDX2015","A","2018",121.5475,
"SVN","HOUSECOST","NOMINAL","IDX2015","A","2019",129.69,
"SVN","HOUSECOST","NOMINAL","IDX2015","A","2020",135.6575,
"SVN","HOUSECOST","NOMINAL","IDX2015","A","2021",151.31749999974,
"OECD","HOUSECOST","NOMINAL","IDX2015","A","1991",50.5838104529392,
"OECD","HOUSECOST","NOMINAL","IDX2015","A","1992",51.0943644735305,
"OECD","HOUSECOST","NOMINAL","IDX2015","A","1993",51.5046132101842,
"OECD","HOUSECOST","NOMINAL","IDX2015","A","1994",52.6883573293809,
"OECD","HOUSECOST","NOMINAL","IDX2015","A","1995",53.3589536956715,
"OECD","HOUSECOST","NOMINAL","IDX2015","A","1996",54.1007657433715,
"OECD","HOUSECOST","NOMINAL","IDX2015","A","1997",55.2012086819925,
"OECD","HOUSECOST","NOMINAL","IDX2015","A","1998",56.9791374164409,
"OECD","HOUSECOST","NOMINAL","IDX2015","A","1999",59.5433325550852,
"OECD","HOUSECOST","NOMINAL","IDX2015","A","2000",62.7412468653183,
"OECD","HOUSECOST","NOMINAL","IDX2015","A","2001",65.8182503055725,
"OECD","HOUSECOST","NOMINAL","IDX2015","A","2002",69.8343913730744,
"OECD","HOUSECOST","NOMINAL","IDX2015","A","2003",74.2695096451189,
"OECD","HOUSECOST","NOMINAL","IDX2015","A","2004",79.0571540116602,
"OECD","HOUSECOST","NOMINAL","IDX2015","A","2005",84.4894168817972,
"OECD","HOUSECOST","NOMINAL","IDX2015","A","2006",89.7084605026217,
"OECD","HOUSECOST","NOMINAL","IDX2015","A","2007",93.3715802176643,
"OECD","HOUSECOST","NOMINAL","IDX2015","A","2008",91.6335856886182,
"OECD","HOUSECOST","NOMINAL","IDX2015","A","2009",87.9866972292778,
"OECD","HOUSECOST","NOMINAL","IDX2015","A","2010",88.6048137111364,
"OECD","HOUSECOST","NOMINAL","IDX2015","A","2011",88.4544766258353,
"OECD","HOUSECOST","NOMINAL","IDX2015","A","2012",89.3896322526433,
"OECD","HOUSECOST","NOMINAL","IDX2015","A","2013",92.1401189823776,
"OECD","HOUSECOST","NOMINAL","IDX2015","A","2014",95.5784717179591,
"OECD","HOUSECOST","NOMINAL","IDX2015","A","2015",100,
"OECD","HOUSECOST","NOMINAL","IDX2015","A","2016",105.360045041199,
"OECD","HOUSECOST","NOMINAL","IDX2015","A","2017",111.142287702857,
"OECD","HOUSECOST","NOMINAL","IDX2015","A","2018",116.608667876648,
"OECD","HOUSECOST","NOMINAL","IDX2015","A","2019",121.352277944625,
"OECD","HOUSECOST","NOMINAL","IDX2015","A","2020",128.974930647931,
"OECD","HOUSECOST","NOMINAL","IDX2015","A","2021",145.21503101681,
"BGR","HOUSECOST","NOMINAL","IDX2015","A","2005",80.0850000038443,
"BGR","HOUSECOST","NOMINAL","IDX2015","A","2006",91.8575,
"BGR","HOUSECOST","NOMINAL","IDX2015","A","2007",118.42,
"BGR","HOUSECOST","NOMINAL","IDX2015","A","2008",147.9725,
"BGR","HOUSECOST","NOMINAL","IDX2015","A","2009",117.785,
"BGR","HOUSECOST","NOMINAL","IDX2015","A","2010",105.8075,
"BGR","HOUSECOST","NOMINAL","IDX2015","A","2011",99.9749999999999,
"BGR","HOUSECOST","NOMINAL","IDX2015","A","2012",98.0725,
"BGR","HOUSECOST","NOMINAL","IDX2015","A","2013",95.915,
"BGR","HOUSECOST","NOMINAL","IDX2015","A","2014",97.29,
"BGR","HOUSECOST","NOMINAL","IDX2015","A","2015",100,
"BGR","HOUSECOST","NOMINAL","IDX2015","A","2016",107.02,
"BGR","HOUSECOST","NOMINAL","IDX2015","A","2017",116.295,
"BGR","HOUSECOST","NOMINAL","IDX2015","A","2018",123.955,
"BGR","HOUSECOST","NOMINAL","IDX2015","A","2019",131.4175,
"BGR","HOUSECOST","NOMINAL","IDX2015","A","2020",137.4125,
"BGR","HOUSECOST","NOMINAL","IDX2015","A","2021",149.332500001725,
"ROU","HOUSECOST","NOMINAL","IDX2015","A","2009",129.277499996742,
"ROU","HOUSECOST","NOMINAL","IDX2015","A","2010",119.5425,
"ROU","HOUSECOST","NOMINAL","IDX2015","A","2011",104.8275,
"ROU","HOUSECOST","NOMINAL","IDX2015","A","2012",99.5099999999999,
"ROU","HOUSECOST","NOMINAL","IDX2015","A","2013",99.26,
"ROU","HOUSECOST","NOMINAL","IDX2015","A","2014",97.22,
"ROU","HOUSECOST","NOMINAL","IDX2015","A","2015",100,
"ROU","HOUSECOST","NOMINAL","IDX2015","A","2016",105.95,
"ROU","HOUSECOST","NOMINAL","IDX2015","A","2017",112.355,
"ROU","HOUSECOST","NOMINAL","IDX2015","A","2018",118.6175,
"ROU","HOUSECOST","NOMINAL","IDX2015","A","2019",122.69,
"ROU","HOUSECOST","NOMINAL","IDX2015","A","2020",128.435,
"ROU","HOUSECOST","NOMINAL","IDX2015","A","2021",134.087499998404,
"HRV","HOUSECOST","NOMINAL","IDX2015","A","2005",82.7749999982951,
"HRV","HOUSECOST","NOMINAL","IDX2015","A","2006",97.4675,
"HRV","HOUSECOST","NOMINAL","IDX2015","A","2007",109.2075,
"HRV","HOUSECOST","NOMINAL","IDX2015","A","2008",124.14,
"HRV","HOUSECOST","NOMINAL","IDX2015","A","2009",117.9275,
"HRV","HOUSECOST","NOMINAL","IDX2015","A","2010",110.47,
"HRV","HOUSECOST","NOMINAL","IDX2015","A","2011",110.66,
"HRV","HOUSECOST","NOMINAL","IDX2015","A","2012",108.9275,
"HRV","HOUSECOST","NOMINAL","IDX2015","A","2013",104.6275,
"HRV","HOUSECOST","NOMINAL","IDX2015","A","2014",102.975,
"HRV","HOUSECOST","NOMINAL","IDX2015","A","2015",100,
"HRV","HOUSECOST","NOMINAL","IDX2015","A","2016",100.8875,
"HRV","HOUSECOST","NOMINAL","IDX2015","A","2017",104.745,
"HRV","HOUSECOST","NOMINAL","IDX2015","A","2018",111.14,
"HRV","HOUSECOST","NOMINAL","IDX2015","A","2019",121.1025,
"HRV","HOUSECOST","NOMINAL","IDX2015","A","2020",130.38,
"HRV","HOUSECOST","NOMINAL","IDX2015","A","2021",139.912500004482,
